{"cameraMode":{"drawMode":0,"name":"Shaded","section":"Shading Mode"},"sceneLighting":true,"audioPlay":false,"sceneViewState":{"m_AlwaysRefresh":false,"showFog":true,"showSkybox":true,"showFlares":true,"showImageEffects":true,"showParticleSystems":true,"showVisualEffectGraphs":true,"m_FxEnabled":true},"in2DMode":false,"pivot":{"x":2.5292394161224367,"y":-2.3024489879608156,"z":77.89295959472656},"rotation":{"x":0.06567063927650452,"y":0.46712353825569155,"z":-0.034817151725292209,"w":0.8810645341873169},"size":17.36802101135254,"orthographic":true}