{"cameraMode":{"drawMode":0,"name":"Shaded","section":"Shading Mode"},"sceneLighting":true,"audioPlay":false,"sceneViewState":{"m_AlwaysRefresh":false,"showFog":true,"showSkybox":true,"showFlares":true,"showImageEffects":true,"showParticleSystems":true,"showVisualEffectGraphs":true,"m_FxEnabled":true},"in2DMode":false,"pivot":{"x":-7.495849132537842,"y":11.874846458435059,"z":57.16262435913086},"rotation":{"x":0.012880651280283928,"y":0.9870703220367432,"z":-0.10791686922311783,"w":0.11781499534845352},"size":7.3264875411987309,"orthographic":true}