{"cameraMode":{"drawMode":0,"name":"Shaded","section":"Shading Mode"},"sceneLighting":true,"audioPlay":false,"sceneViewState":{"m_AlwaysRefresh":false,"showFog":true,"showSkybox":true,"showFlares":true,"showImageEffects":true,"showParticleSystems":true,"showVisualEffectGraphs":true,"m_FxEnabled":true},"in2DMode":false,"pivot":{"x":0.7465750575065613,"y":1.6410571336746216,"z":119.93245697021485},"rotation":{"x":-0.013081495650112629,"y":0.9687702059745789,"z":-0.05236451327800751,"w":-0.24201416969299317},"size":6.875661373138428,"orthographic":true}